seed,net,reached,start_x,start_y,goal_x,goal_y,step,x,y
0,MLP,1,5.0,5.0,0.40973523,0.16527635,0,5.0,5.0
0,MLP,1,5.0,5.0,0.40973523,0.16527635,1,4.8,5.0
0,MLP,1,5.0,5.0,0.40973523,0.16527635,2,4.6,5.0
0,MLP,1,5.0,5.0,0.40973523,0.16527635,3,4.3999999999999995,5.0
0,MLP,1,5.0,5.0,0.40973523,0.16527635,4,4.199999999999999,5.0
0,MLP,1,5.0,5.0,0.40973523,0.16527635,5,3.999999999999999,5.0
0,MLP,1,5.0,5.0,0.40973523,0.16527635,6,3.799999999999999,5.0
0,MLP,1,5.0,5.0,0.40973523,0.16527635,7,3.5999999999999988,5.0
0,MLP,1,5.0,5.0,0.40973523,0.16527635,8,3.3999999999999986,5.0
0,MLP,1,5.0,5.0,0.40973523,0.16527635,9,3.1999999999999984,5.0
0,MLP,1,5.0,5.0,0.40973523,0.16527635,10,2.9999999999999982,5.0
0,MLP,1,5.0,5.0,0.40973523,0.16527635,11,2.9999999999999982,4.8
0,MLP,1,5.0,5.0,0.40973523,0.16527635,12,2.799999999999998,4.8
0,MLP,1,5.0,5.0,0.40973523,0.16527635,13,2.599999999999998,4.8
0,MLP,1,5.0,5.0,0.40973523,0.16527635,14,2.3999999999999977,4.8
0,MLP,1,5.0,5.0,0.40973523,0.16527635,15,2.1999999999999975,4.8
0,MLP,1,5.0,5.0,0.40973523,0.16527635,16,1.9999999999999976,4.8
0,MLP,1,5.0,5.0,0.40973523,0.16527635,17,1.7999999999999976,4.8
0,MLP,1,5.0,5.0,0.40973523,0.16527635,18,1.5999999999999976,4.8
0,MLP,1,5.0,5.0,0.40973523,0.16527635,19,1.3999999999999977,4.8
0,MLP,1,5.0,5.0,0.40973523,0.16527635,20,1.3999999999999977,4.6
0,MLP,1,5.0,5.0,0.40973523,0.16527635,21,1.3999999999999977,4.3999999999999995
0,MLP,1,5.0,5.0,0.40973523,0.16527635,22,1.3999999999999977,4.199999999999999
0,MLP,1,5.0,5.0,0.40973523,0.16527635,23,1.3999999999999977,3.999999999999999
0,MLP,1,5.0,5.0,0.40973523,0.16527635,24,1.3999999999999977,3.799999999999999
0,MLP,1,5.0,5.0,0.40973523,0.16527635,25,1.3999999999999977,3.5999999999999988
0,MLP,1,5.0,5.0,0.40973523,0.16527635,26,1.1999999999999977,3.5999999999999988
0,MLP,1,5.0,5.0,0.40973523,0.16527635,27,0.9999999999999978,3.5999999999999988
0,MLP,1,5.0,5.0,0.40973523,0.16527635,28,0.9999999999999978,3.3999999999999986
0,MLP,1,5.0,5.0,0.40973523,0.16527635,29,0.9999999999999978,3.1999999999999984
0,MLP,1,5.0,5.0,0.40973523,0.16527635,30,0.9999999999999978,2.9999999999999982
0,MLP,1,5.0,5.0,0.40973523,0.16527635,31,0.9999999999999978,2.799999999999998
0,MLP,1,5.0,5.0,0.40973523,0.16527635,32,0.9999999999999978,2.599999999999998
0,MLP,1,5.0,5.0,0.40973523,0.16527635,33,0.9999999999999978,2.3999999999999977
0,MLP,1,5.0,5.0,0.40973523,0.16527635,34,0.9999999999999978,2.1999999999999975
0,MLP,1,5.0,5.0,0.40973523,0.16527635,35,0.9999999999999978,1.9999999999999976
0,MLP,1,5.0,5.0,0.40973523,0.16527635,36,0.9999999999999978,1.7999999999999976
0,MLP,1,5.0,5.0,0.40973523,0.16527635,37,0.9999999999999978,1.5999999999999976
0,MLP,1,5.0,5.0,0.40973523,0.16527635,38,0.9999999999999978,1.3999999999999977
0,MLP,1,5.0,5.0,0.40973523,0.16527635,39,0.9999999999999978,1.1999999999999977
0,MLP,1,5.0,5.0,0.40973523,0.16527635,40,0.9999999999999978,0.9999999999999978
0,MLP,1,5.0,5.0,0.40973523,0.16527635,41,0.9999999999999978,0.7999999999999978
0,MLP,1,5.0,5.0,0.40973523,0.16527635,42,0.9999999999999978,0.5999999999999979
0,MLP,1,5.0,5.0,0.40973523,0.16527635,43,0.7999999999999978,0.5999999999999979
0,MLP,1,5.0,5.0,0.40973523,0.16527635,44,0.5999999999999979,0.5999999999999979
0,SNN,1,5.0,5.0,0.40973523,0.16527635,0,5.0,5.0
0,SNN,1,5.0,5.0,0.40973523,0.16527635,1,4.8,5.0
0,SNN,1,5.0,5.0,0.40973523,0.16527635,2,4.6,5.0
0,SNN,1,5.0,5.0,0.40973523,0.16527635,3,4.3999999999999995,5.0
0,SNN,1,5.0,5.0,0.40973523,0.16527635,4,4.199999999999999,5.0
0,SNN,1,5.0,5.0,0.40973523,0.16527635,5,3.999999999999999,5.0
0,SNN,1,5.0,5.0,0.40973523,0.16527635,6,3.999999999999999,4.8
0,SNN,1,5.0,5.0,0.40973523,0.16527635,7,3.799999999999999,4.8
0,SNN,1,5.0,5.0,0.40973523,0.16527635,8,3.5999999999999988,4.8
0,SNN,1,5.0,5.0,0.40973523,0.16527635,9,3.3999999999999986,4.8
0,SNN,1,5.0,5.0,0.40973523,0.16527635,10,3.1999999999999984,4.8
0,SNN,1,5.0,5.0,0.40973523,0.16527635,11,2.9999999999999982,4.8
0,SNN,1,5.0,5.0,0.40973523,0.16527635,12,2.799999999999998,4.8
0,SNN,1,5.0,5.0,0.40973523,0.16527635,13,2.599999999999998,4.8
0,SNN,1,5.0,5.0,0.40973523,0.16527635,14,2.3999999999999977,4.8
0,SNN,1,5.0,5.0,0.40973523,0.16527635,15,2.1999999999999975,4.8
0,SNN,1,5.0,5.0,0.40973523,0.16527635,16,1.9999999999999976,4.8
0,SNN,1,5.0,5.0,0.40973523,0.16527635,17,1.7999999999999976,4.8
0,SNN,1,5.0,5.0,0.40973523,0.16527635,18,1.5999999999999976,4.8
0,SNN,1,5.0,5.0,0.40973523,0.16527635,19,1.3999999999999977,4.8
0,SNN,1,5.0,5.0,0.40973523,0.16527635,20,1.3999999999999977,4.6
0,SNN,1,5.0,5.0,0.40973523,0.16527635,21,1.3999999999999977,4.3999999999999995
0,SNN,1,5.0,5.0,0.40973523,0.16527635,22,1.3999999999999977,4.199999999999999
0,SNN,1,5.0,5.0,0.40973523,0.16527635,23,1.3999999999999977,3.999999999999999
0,SNN,1,5.0,5.0,0.40973523,0.16527635,24,1.3999999999999977,3.799999999999999
0,SNN,1,5.0,5.0,0.40973523,0.16527635,25,1.3999999999999977,3.5999999999999988
0,SNN,1,5.0,5.0,0.40973523,0.16527635,26,1.3999999999999977,3.3999999999999986
0,SNN,1,5.0,5.0,0.40973523,0.16527635,27,1.3999999999999977,3.1999999999999984
0,SNN,1,5.0,5.0,0.40973523,0.16527635,28,1.3999999999999977,2.9999999999999982
0,SNN,1,5.0,5.0,0.40973523,0.16527635,29,1.3999999999999977,2.799999999999998
0,SNN,1,5.0,5.0,0.40973523,0.16527635,30,1.3999999999999977,2.599999999999998
0,SNN,1,5.0,5.0,0.40973523,0.16527635,31,1.3999999999999977,2.3999999999999977
0,SNN,1,5.0,5.0,0.40973523,0.16527635,32,1.3999999999999977,2.1999999999999975
0,SNN,1,5.0,5.0,0.40973523,0.16527635,33,1.3999999999999977,1.9999999999999976
0,SNN,1,5.0,5.0,0.40973523,0.16527635,34,1.1999999999999977,1.9999999999999976
0,SNN,1,5.0,5.0,0.40973523,0.16527635,35,0.9999999999999978,1.9999999999999976
0,SNN,1,5.0,5.0,0.40973523,0.16527635,36,0.9999999999999978,1.7999999999999976
0,SNN,1,5.0,5.0,0.40973523,0.16527635,37,0.9999999999999978,1.5999999999999976
0,SNN,1,5.0,5.0,0.40973523,0.16527635,38,0.9999999999999978,1.3999999999999977
0,SNN,1,5.0,5.0,0.40973523,0.16527635,39,0.9999999999999978,1.1999999999999977
0,SNN,1,5.0,5.0,0.40973523,0.16527635,40,0.9999999999999978,0.9999999999999978
0,SNN,1,5.0,5.0,0.40973523,0.16527635,41,0.7999999999999978,0.9999999999999978
0,SNN,1,5.0,5.0,0.40973523,0.16527635,42,0.7999999999999978,0.7999999999999978
0,SNN,1,5.0,5.0,0.40973523,0.16527635,43,0.5999999999999979,0.7999999999999978
0,SNN,1,5.0,5.0,0.40973523,0.16527635,44,0.39999999999999786,0.7999999999999978
0,SNN,1,5.0,5.0,0.40973523,0.16527635,45,0.5999999999999979,0.7999999999999978
0,SNN,1,5.0,5.0,0.40973523,0.16527635,46,0.39999999999999786,0.7999999999999978
0,SNN,1,5.0,5.0,0.40973523,0.16527635,47,0.5999999999999979,0.7999999999999978
0,SNN,1,5.0,5.0,0.40973523,0.16527635,48,0.39999999999999786,0.7999999999999978
0,SNN,1,5.0,5.0,0.40973523,0.16527635,49,0.39999999999999786,0.5999999999999979
1,MLP,0,5.0,5.0,5.118216,9.504637,0,5.0,5.0
1,MLP,0,5.0,5.0,5.118216,9.504637,1,5.2,5.0
1,MLP,0,5.0,5.0,5.118216,9.504637,2,5.4,5.0
1,MLP,0,5.0,5.0,5.118216,9.504637,3,5.6000000000000005,5.0
1,MLP,0,5.0,5.0,5.118216,9.504637,4,5.6000000000000005,5.2
1,MLP,0,5.0,5.0,5.118216,9.504637,5,5.6000000000000005,5.4
1,MLP,0,5.0,5.0,5.118216,9.504637,6,5.6000000000000005,5.6000000000000005
1,MLP,0,5.0,5.0,5.118216,9.504637,7,5.6000000000000005,5.800000000000001
1,MLP,0,5.0,5.0,5.118216,9.504637,8,5.6000000000000005,6.000000000000001
1,MLP,0,5.0,5.0,5.118216,9.504637,9,5.6000000000000005,6.200000000000001
1,MLP,0,5.0,5.0,5.118216,9.504637,10,5.6000000000000005,6.400000000000001
1,MLP,0,5.0,5.0,5.118216,9.504637,11,5.6000000000000005,6.600000000000001
1,MLP,0,5.0,5.0,5.118216,9.504637,12,5.6000000000000005,6.800000000000002
1,MLP,0,5.0,5.0,5.118216,9.504637,13,5.6000000000000005,7.000000000000002
1,MLP,0,5.0,5.0,5.118216,9.504637,14,5.6000000000000005,7.200000000000002
1,MLP,0,5.0,5.0,5.118216,9.504637,15,5.6000000000000005,7.400000000000002
1,MLP,0,5.0,5.0,5.118216,9.504637,16,5.6000000000000005,7.600000000000002
1,MLP,0,5.0,5.0,5.118216,9.504637,17,5.6000000000000005,7.8000000000000025
1,MLP,0,5.0,5.0,5.118216,9.504637,18,5.6000000000000005,8.000000000000002
1,MLP,0,5.0,5.0,5.118216,9.504637,19,5.6000000000000005,8.200000000000001
1,MLP,0,5.0,5.0,5.118216,9.504637,20,5.6000000000000005,8.4
1,MLP,0,5.0,5.0,5.118216,9.504637,21,5.6000000000000005,8.6
1,MLP,0,5.0,5.0,5.118216,9.504637,22,5.6000000000000005,8.799999999999999
1,MLP,0,5.0,5.0,5.118216,9.504637,23,5.6000000000000005,8.6
1,MLP,0,5.0,5.0,5.118216,9.504637,24,5.6000000000000005,8.799999999999999
1,MLP,0,5.0,5.0,5.118216,9.504637,25,5.6000000000000005,8.999999999999998
1,MLP,0,5.0,5.0,5.118216,9.504637,26,5.6000000000000005,8.799999999999999
1,MLP,0,5.0,5.0,5.118216,9.504637,27,5.6000000000000005,8.999999999999998
1,MLP,0,5.0,5.0,5.118216,9.504637,28,5.6000000000000005,8.799999999999999
1,MLP,0,5.0,5.0,5.118216,9.504637,29,5.6000000000000005,8.6
1,MLP,0,5.0,5.0,5.118216,9.504637,30,5.6000000000000005,8.799999999999999
1,MLP,0,5.0,5.0,5.118216,9.504637,31,5.6000000000000005,8.999999999999998
1,MLP,0,5.0,5.0,5.118216,9.504637,32,5.6000000000000005,9.199999999999998
1,MLP,0,5.0,5.0,5.118216,9.504637,33,5.6000000000000005,8.999999999999998
1,MLP,0,5.0,5.0,5.118216,9.504637,34,5.6000000000000005,8.799999999999999
1,MLP,0,5.0,5.0,5.118216,9.504637,35,5.6000000000000005,8.6
1,MLP,0,5.0,5.0,5.118216,9.504637,36,5.6000000000000005,8.799999999999999
1,MLP,0,5.0,5.0,5.118216,9.504637,37,5.6000000000000005,8.999999999999998
1,MLP,0,5.0,5.0,5.118216,9.504637,38,5.6000000000000005,9.199999999999998
1,MLP,0,5.0,5.0,5.118216,9.504637,39,5.6000000000000005,8.999999999999998
1,MLP,0,5.0,5.0,5.118216,9.504637,40,5.6000000000000005,9.199999999999998
1,MLP,0,5.0,5.0,5.118216,9.504637,41,5.6000000000000005,8.999999999999998
1,MLP,0,5.0,5.0,5.118216,9.504637,42,5.6000000000000005,8.799999999999999
1,MLP,0,5.0,5.0,5.118216,9.504637,43,5.6000000000000005,8.6
1,MLP,0,5.0,5.0,5.118216,9.504637,44,5.6000000000000005,8.799999999999999
1,MLP,0,5.0,5.0,5.118216,9.504637,45,5.6000000000000005,8.999999999999998
1,MLP,0,5.0,5.0,5.118216,9.504637,46,5.6000000000000005,8.799999999999999
1,MLP,0,5.0,5.0,5.118216,9.504637,47,5.6000000000000005,8.999999999999998
1,MLP,0,5.0,5.0,5.118216,9.504637,48,5.6000000000000005,8.799999999999999
1,MLP,0,5.0,5.0,5.118216,9.504637,49,5.6000000000000005,8.999999999999998
1,MLP,0,5.0,5.0,5.118216,9.504637,50,5.6000000000000005,9.199999999999998
1,MLP,0,5.0,5.0,5.118216,9.504637,51,5.6000000000000005,8.999999999999998
1,MLP,0,5.0,5.0,5.118216,9.504637,52,5.6000000000000005,8.799999999999999
1,MLP,0,5.0,5.0,5.118216,9.504637,53,5.6000000000000005,8.999999999999998
1,MLP,0,5.0,5.0,5.118216,9.504637,54,5.6000000000000005,9.199999999999998
1,MLP,0,5.0,5.0,5.118216,9.504637,55,5.6000000000000005,8.999999999999998
1,MLP,0,5.0,5.0,5.118216,9.504637,56,5.6000000000000005,8.799999999999999
1,MLP,0,5.0,5.0,5.118216,9.504637,57,5.6000000000000005,8.999999999999998
1,MLP,0,5.0,5.0,5.118216,9.504637,58,5.6000000000000005,9.199999999999998
1,MLP,0,5.0,5.0,5.118216,9.504637,59,5.6000000000000005,8.999999999999998
1,MLP,0,5.0,5.0,5.118216,9.504637,60,5.6000000000000005,8.799999999999999
1,MLP,0,5.0,5.0,5.118216,9.504637,61,5.6000000000000005,8.999999999999998
1,MLP,0,5.0,5.0,5.118216,9.504637,62,5.6000000000000005,8.799999999999999
1,MLP,0,5.0,5.0,5.118216,9.504637,63,5.6000000000000005,8.6
1,MLP,0,5.0,5.0,5.118216,9.504637,64,5.6000000000000005,8.799999999999999
1,MLP,0,5.0,5.0,5.118216,9.504637,65,5.6000000000000005,8.999999999999998
1,MLP,0,5.0,5.0,5.118216,9.504637,66,5.6000000000000005,9.199999999999998
1,MLP,0,5.0,5.0,5.118216,9.504637,67,5.6000000000000005,8.999999999999998
1,MLP,0,5.0,5.0,5.118216,9.504637,68,5.6000000000000005,8.799999999999999
1,MLP,0,5.0,5.0,5.118216,9.504637,69,5.6000000000000005,8.6
1,MLP,0,5.0,5.0,5.118216,9.504637,70,5.6000000000000005,8.799999999999999
1,MLP,0,5.0,5.0,5.118216,9.504637,71,5.6000000000000005,8.6
1,MLP,0,5.0,5.0,5.118216,9.504637,72,5.6000000000000005,8.799999999999999
1,MLP,0,5.0,5.0,5.118216,9.504637,73,5.6000000000000005,8.999999999999998
1,MLP,0,5.0,5.0,5.118216,9.504637,74,5.6000000000000005,9.199999999999998
1,MLP,0,5.0,5.0,5.118216,9.504637,75,5.6000000000000005,8.999999999999998
1,MLP,0,5.0,5.0,5.118216,9.504637,76,5.6000000000000005,9.199999999999998
1,MLP,0,5.0,5.0,5.118216,9.504637,77,5.6000000000000005,8.999999999999998
1,MLP,0,5.0,5.0,5.118216,9.504637,78,5.6000000000000005,9.199999999999998
1,MLP,0,5.0,5.0,5.118216,9.504637,79,5.6000000000000005,8.999999999999998
1,MLP,0,5.0,5.0,5.118216,9.504637,80,5.6000000000000005,9.199999999999998
1,MLP,0,5.0,5.0,5.118216,9.504637,81,5.6000000000000005,8.999999999999998
1,MLP,0,5.0,5.0,5.118216,9.504637,82,5.6000000000000005,8.799999999999999
1,MLP,0,5.0,5.0,5.118216,9.504637,83,5.6000000000000005,8.999999999999998
1,MLP,0,5.0,5.0,5.118216,9.504637,84,5.6000000000000005,8.799999999999999
1,MLP,0,5.0,5.0,5.118216,9.504637,85,5.6000000000000005,8.999999999999998
1,MLP,0,5.0,5.0,5.118216,9.504637,86,5.6000000000000005,8.799999999999999
1,MLP,0,5.0,5.0,5.118216,9.504637,87,5.6000000000000005,8.999999999999998
1,MLP,0,5.0,5.0,5.118216,9.504637,88,5.6000000000000005,9.199999999999998
1,MLP,0,5.0,5.0,5.118216,9.504637,89,5.6000000000000005,8.999999999999998
1,MLP,0,5.0,5.0,5.118216,9.504637,90,5.6000000000000005,9.199999999999998
1,MLP,0,5.0,5.0,5.118216,9.504637,91,5.6000000000000005,8.999999999999998
1,MLP,0,5.0,5.0,5.118216,9.504637,92,5.6000000000000005,9.199999999999998
1,MLP,0,5.0,5.0,5.118216,9.504637,93,5.6000000000000005,8.999999999999998
1,MLP,0,5.0,5.0,5.118216,9.504637,94,5.6000000000000005,8.799999999999999
1,MLP,0,5.0,5.0,5.118216,9.504637,95,5.6000000000000005,8.999999999999998
1,MLP,0,5.0,5.0,5.118216,9.504637,96,5.6000000000000005,9.199999999999998
1,MLP,0,5.0,5.0,5.118216,9.504637,97,5.6000000000000005,8.999999999999998
1,MLP,0,5.0,5.0,5.118216,9.504637,98,5.6000000000000005,8.799999999999999
1,MLP,0,5.0,5.0,5.118216,9.504637,99,5.6000000000000005,8.6
1,MLP,0,5.0,5.0,5.118216,9.504637,100,5.6000000000000005,8.799999999999999
1,MLP,0,5.0,5.0,5.118216,9.504637,101,5.6000000000000005,8.6
1,MLP,0,5.0,5.0,5.118216,9.504637,102,5.6000000000000005,8.799999999999999
1,MLP,0,5.0,5.0,5.118216,9.504637,103,5.6000000000000005,8.999999999999998
1,MLP,0,5.0,5.0,5.118216,9.504637,104,5.6000000000000005,8.799999999999999
1,MLP,0,5.0,5.0,5.118216,9.504637,105,5.6000000000000005,8.999999999999998
1,MLP,0,5.0,5.0,5.118216,9.504637,106,5.6000000000000005,8.799999999999999
1,MLP,0,5.0,5.0,5.118216,9.504637,107,5.6000000000000005,8.999999999999998
1,MLP,0,5.0,5.0,5.118216,9.504637,108,5.6000000000000005,9.199999999999998
1,MLP,0,5.0,5.0,5.118216,9.504637,109,5.6000000000000005,8.999999999999998
1,MLP,0,5.0,5.0,5.118216,9.504637,110,5.6000000000000005,9.199999999999998
1,MLP,0,5.0,5.0,5.118216,9.504637,111,5.6000000000000005,8.999999999999998
1,MLP,0,5.0,5.0,5.118216,9.504637,112,5.6000000000000005,9.199999999999998
1,MLP,0,5.0,5.0,5.118216,9.504637,113,5.6000000000000005,8.999999999999998
1,MLP,0,5.0,5.0,5.118216,9.504637,114,5.6000000000000005,9.199999999999998
1,MLP,0,5.0,5.0,5.118216,9.504637,115,5.6000000000000005,8.999999999999998
1,MLP,0,5.0,5.0,5.118216,9.504637,116,5.6000000000000005,8.799999999999999
1,MLP,0,5.0,5.0,5.118216,9.504637,117,5.6000000000000005,8.6
1,MLP,0,5.0,5.0,5.118216,9.504637,118,5.6000000000000005,8.4
1,MLP,0,5.0,5.0,5.118216,9.504637,119,5.6000000000000005,8.200000000000001
1,MLP,0,5.0,5.0,5.118216,9.504637,120,5.6000000000000005,8.4
1,MLP,0,5.0,5.0,5.118216,9.504637,121,5.6000000000000005,8.6
1,MLP,0,5.0,5.0,5.118216,9.504637,122,5.6000000000000005,8.799999999999999
1,MLP,0,5.0,5.0,5.118216,9.504637,123,5.6000000000000005,8.999999999999998
1,MLP,0,5.0,5.0,5.118216,9.504637,124,5.6000000000000005,9.199999999999998
1,MLP,0,5.0,5.0,5.118216,9.504637,125,5.6000000000000005,8.999999999999998
1,MLP,0,5.0,5.0,5.118216,9.504637,126,5.6000000000000005,9.199999999999998
1,MLP,0,5.0,5.0,5.118216,9.504637,127,5.6000000000000005,8.999999999999998
1,MLP,0,5.0,5.0,5.118216,9.504637,128,5.4,8.999999999999998
1,SNN,1,5.0,5.0,5.118216,9.504637,0,5.0,5.0
1,SNN,1,5.0,5.0,5.118216,9.504637,1,5.0,5.2
1,SNN,1,5.0,5.0,5.118216,9.504637,2,5.0,5.4
1,SNN,1,5.0,5.0,5.118216,9.504637,3,5.0,5.6000000000000005
1,SNN,1,5.0,5.0,5.118216,9.504637,4,5.0,5.800000000000001
1,SNN,1,5.0,5.0,5.118216,9.504637,5,5.0,6.000000000000001
1,SNN,1,5.0,5.0,5.118216,9.504637,6,5.2,6.000000000000001
1,SNN,1,5.0,5.0,5.118216,9.504637,7,5.2,6.200000000000001
1,SNN,1,5.0,5.0,5.118216,9.504637,8,5.4,6.200000000000001
1,SNN,1,5.0,5.0,5.118216,9.504637,9,5.4,6.400000000000001
1,SNN,1,5.0,5.0,5.118216,9.504637,10,5.2,6.400000000000001
1,SNN,1,5.0,5.0,5.118216,9.504637,11,5.4,6.400000000000001
1,SNN,1,5.0,5.0,5.118216,9.504637,12,5.6000000000000005,6.400000000000001
1,SNN,1,5.0,5.0,5.118216,9.504637,13,5.6000000000000005,6.600000000000001
1,SNN,1,5.0,5.0,5.118216,9.504637,14,5.6000000000000005,6.800000000000002
1,SNN,1,5.0,5.0,5.118216,9.504637,15,5.6000000000000005,7.000000000000002
1,SNN,1,5.0,5.0,5.118216,9.504637,16,5.6000000000000005,7.200000000000002
1,SNN,1,5.0,5.0,5.118216,9.504637,17,5.6000000000000005,7.400000000000002
1,SNN,1,5.0,5.0,5.118216,9.504637,18,5.6000000000000005,7.600000000000002
1,SNN,1,5.0,5.0,5.118216,9.504637,19,5.6000000000000005,7.8000000000000025
1,SNN,1,5.0,5.0,5.118216,9.504637,20,5.6000000000000005,8.000000000000002
1,SNN,1,5.0,5.0,5.118216,9.504637,21,5.6000000000000005,8.200000000000001
1,SNN,1,5.0,5.0,5.118216,9.504637,22,5.6000000000000005,8.4
1,SNN,1,5.0,5.0,5.118216,9.504637,23,5.6000000000000005,8.6
1,SNN,1,5.0,5.0,5.118216,9.504637,24,5.6000000000000005,8.799999999999999
1,SNN,1,5.0,5.0,5.118216,9.504637,25,5.6000000000000005,8.999999999999998
1,SNN,1,5.0,5.0,5.118216,9.504637,26,5.6000000000000005,9.199999999999998
1,SNN,1,5.0,5.0,5.118216,9.504637,27,5.6000000000000005,9.399999999999997
2,MLP,0,5.0,5.0,1.8790107,0.5514663,0,5.0,5.0
2,MLP,0,5.0,5.0,1.8790107,0.5514663,1,4.8,5.0
2,MLP,0,5.0,5.0,1.8790107,0.5514663,2,4.6,5.0
2,MLP,0,5.0,5.0,1.8790107,0.5514663,3,4.3999999999999995,5.0
2,MLP,0,5.0,5.0,1.8790107,0.5514663,4,4.199999999999999,5.0
2,MLP,0,5.0,5.0,1.8790107,0.5514663,5,3.999999999999999,5.0
2,MLP,0,5.0,5.0,1.8790107,0.5514663,6,3.799999999999999,5.0
2,MLP,0,5.0,5.0,1.8790107,0.5514663,7,3.799999999999999,4.8
2,MLP,0,5.0,5.0,1.8790107,0.5514663,8,3.5999999999999988,4.8
2,MLP,0,5.0,5.0,1.8790107,0.5514663,9,3.3999999999999986,4.8
2,MLP,0,5.0,5.0,1.8790107,0.5514663,10,3.1999999999999984,4.8
2,MLP,0,5.0,5.0,1.8790107,0.5514663,11,2.9999999999999982,4.8
2,MLP,0,5.0,5.0,1.8790107,0.5514663,12,2.799999999999998,4.8
2,MLP,0,5.0,5.0,1.8790107,0.5514663,13,2.599999999999998,4.8
2,MLP,0,5.0,5.0,1.8790107,0.5514663,14,2.3999999999999977,4.8
2,MLP,0,5.0,5.0,1.8790107,0.5514663,15,2.1999999999999975,4.8
2,MLP,0,5.0,5.0,1.8790107,0.5514663,16,1.9999999999999976,4.8
2,MLP,0,5.0,5.0,1.8790107,0.5514663,17,1.7999999999999976,4.8
2,MLP,0,5.0,5.0,1.8790107,0.5514663,18,1.5999999999999976,4.8
2,MLP,0,5.0,5.0,1.8790107,0.5514663,19,1.7999999999999976,4.8
2,MLP,0,5.0,5.0,1.8790107,0.5514663,20,1.5999999999999976,4.8
2,MLP,0,5.0,5.0,1.8790107,0.5514663,21,1.7999999999999976,4.8
2,MLP,0,5.0,5.0,1.8790107,0.5514663,22,1.5999999999999976,4.8
2,MLP,0,5.0,5.0,1.8790107,0.5514663,23,1.7999999999999976,4.8
2,MLP,0,5.0,5.0,1.8790107,0.5514663,24,1.5999999999999976,4.8
2,MLP,0,5.0,5.0,1.8790107,0.5514663,25,1.7999999999999976,4.8
2,MLP,0,5.0,5.0,1.8790107,0.5514663,26,1.5999999999999976,4.8
2,MLP,0,5.0,5.0,1.8790107,0.5514663,27,1.7999999999999976,4.8
2,MLP,0,5.0,5.0,1.8790107,0.5514663,28,1.5999999999999976,4.8
2,MLP,0,5.0,5.0,1.8790107,0.5514663,29,1.7999999999999976,4.8
2,MLP,0,5.0,5.0,1.8790107,0.5514663,30,1.9999999999999976,4.8
2,MLP,0,5.0,5.0,1.8790107,0.5514663,31,1.7999999999999976,4.8
2,MLP,0,5.0,5.0,1.8790107,0.5514663,32,1.5999999999999976,4.8
2,MLP,0,5.0,5.0,1.8790107,0.5514663,33,1.7999999999999976,4.8
2,MLP,0,5.0,5.0,1.8790107,0.5514663,34,1.5999999999999976,4.8
2,MLP,0,5.0,5.0,1.8790107,0.5514663,35,1.7999999999999976,4.8
2,MLP,0,5.0,5.0,1.8790107,0.5514663,36,1.5999999999999976,4.8
2,MLP,0,5.0,5.0,1.8790107,0.5514663,37,1.3999999999999977,4.8
2,MLP,0,5.0,5.0,1.8790107,0.5514663,38,1.3999999999999977,4.6
2,MLP,0,5.0,5.0,1.8790107,0.5514663,39,1.3999999999999977,4.3999999999999995
2,MLP,0,5.0,5.0,1.8790107,0.5514663,40,1.3999999999999977,4.199999999999999
2,MLP,0,5.0,5.0,1.8790107,0.5514663,41,1.3999999999999977,3.999999999999999
2,MLP,0,5.0,5.0,1.8790107,0.5514663,42,1.3999999999999977,3.799999999999999
2,MLP,0,5.0,5.0,1.8790107,0.5514663,43,1.3999999999999977,3.5999999999999988
2,MLP,0,5.0,5.0,1.8790107,0.5514663,44,1.3999999999999977,3.3999999999999986
2,MLP,0,5.0,5.0,1.8790107,0.5514663,45,1.1999999999999977,3.3999999999999986
2,MLP,0,5.0,5.0,1.8790107,0.5514663,46,1.1999999999999977,3.1999999999999984
2,MLP,0,5.0,5.0,1.8790107,0.5514663,47,1.1999999999999977,2.9999999999999982
2,MLP,0,5.0,5.0,1.8790107,0.5514663,48,1.1999999999999977,2.799999999999998
2,MLP,0,5.0,5.0,1.8790107,0.5514663,49,1.1999999999999977,2.599999999999998
2,MLP,0,5.0,5.0,1.8790107,0.5514663,50,1.3999999999999977,2.599999999999998
2,MLP,0,5.0,5.0,1.8790107,0.5514663,51,1.3999999999999977,2.3999999999999977
2,MLP,0,5.0,5.0,1.8790107,0.5514663,52,1.3999999999999977,2.1999999999999975
2,MLP,0,5.0,5.0,1.8790107,0.5514663,53,1.5999999999999976,2.1999999999999975
2,SNN,1,5.0,5.0,1.8790107,0.5514663,0,5.0,5.0
2,SNN,1,5.0,5.0,1.8790107,0.5514663,1,4.8,5.0
2,SNN,1,5.0,5.0,1.8790107,0.5514663,2,4.6,5.0
2,SNN,1,5.0,5.0,1.8790107,0.5514663,3,4.3999999999999995,5.0
2,SNN,1,5.0,5.0,1.8790107,0.5514663,4,4.199999999999999,5.0
2,SNN,1,5.0,5.0,1.8790107,0.5514663,5,3.999999999999999,5.0
2,SNN,1,5.0,5.0,1.8790107,0.5514663,6,3.999999999999999,4.8
2,SNN,1,5.0,5.0,1.8790107,0.5514663,7,3.799999999999999,4.8
2,SNN,1,5.0,5.0,1.8790107,0.5514663,8,3.5999999999999988,4.8
2,SNN,1,5.0,5.0,1.8790107,0.5514663,9,3.3999999999999986,4.8
2,SNN,1,5.0,5.0,1.8790107,0.5514663,10,3.1999999999999984,4.8
2,SNN,1,5.0,5.0,1.8790107,0.5514663,11,2.9999999999999982,4.8
2,SNN,1,5.0,5.0,1.8790107,0.5514663,12,2.9999999999999982,4.6
2,SNN,1,5.0,5.0,1.8790107,0.5514663,13,2.9999999999999982,4.3999999999999995
2,SNN,1,5.0,5.0,1.8790107,0.5514663,14,2.9999999999999982,4.199999999999999
2,SNN,1,5.0,5.0,1.8790107,0.5514663,15,2.9999999999999982,3.999999999999999
2,SNN,1,5.0,5.0,1.8790107,0.5514663,16,2.9999999999999982,3.799999999999999
2,SNN,1,5.0,5.0,1.8790107,0.5514663,17,2.9999999999999982,3.5999999999999988
2,SNN,1,5.0,5.0,1.8790107,0.5514663,18,2.9999999999999982,3.3999999999999986
2,SNN,1,5.0,5.0,1.8790107,0.5514663,19,2.9999999999999982,3.1999999999999984
2,SNN,1,5.0,5.0,1.8790107,0.5514663,20,2.9999999999999982,2.9999999999999982
2,SNN,1,5.0,5.0,1.8790107,0.5514663,21,2.9999999999999982,2.799999999999998
2,SNN,1,5.0,5.0,1.8790107,0.5514663,22,2.9999999999999982,2.599999999999998
2,SNN,1,5.0,5.0,1.8790107,0.5514663,23,2.9999999999999982,2.3999999999999977
2,SNN,1,5.0,5.0,1.8790107,0.5514663,24,2.9999999999999982,2.1999999999999975
2,SNN,1,5.0,5.0,1.8790107,0.5514663,25,2.9999999999999982,1.9999999999999976
2,SNN,1,5.0,5.0,1.8790107,0.5514663,26,2.9999999999999982,1.7999999999999976
2,SNN,1,5.0,5.0,1.8790107,0.5514663,27,2.9999999999999982,1.5999999999999976
2,SNN,1,5.0,5.0,1.8790107,0.5514663,28,2.9999999999999982,1.3999999999999977
2,SNN,1,5.0,5.0,1.8790107,0.5514663,29,2.9999999999999982,1.1999999999999977
2,SNN,1,5.0,5.0,1.8790107,0.5514663,30,2.9999999999999982,0.9999999999999978
2,SNN,1,5.0,5.0,1.8790107,0.5514663,31,2.799999999999998,0.9999999999999978
2,SNN,1,5.0,5.0,1.8790107,0.5514663,32,2.799999999999998,0.7999999999999978
2,SNN,1,5.0,5.0,1.8790107,0.5514663,33,2.599999999999998,0.7999999999999978
2,SNN,1,5.0,5.0,1.8790107,0.5514663,34,2.3999999999999977,0.7999999999999978
2,SNN,1,5.0,5.0,1.8790107,0.5514663,35,2.1999999999999975,0.7999999999999978
3,MLP,1,5.0,5.0,0.8564917,2.3681052,0,5.0,5.0
3,MLP,1,5.0,5.0,0.8564917,2.3681052,1,4.8,5.0
3,MLP,1,5.0,5.0,0.8564917,2.3681052,2,4.6,5.0
3,MLP,1,5.0,5.0,0.8564917,2.3681052,3,4.3999999999999995,5.0
3,MLP,1,5.0,5.0,0.8564917,2.3681052,4,4.199999999999999,5.0
3,MLP,1,5.0,5.0,0.8564917,2.3681052,5,3.999999999999999,5.0
3,MLP,1,5.0,5.0,0.8564917,2.3681052,6,3.799999999999999,5.0
3,MLP,1,5.0,5.0,0.8564917,2.3681052,7,3.5999999999999988,5.0
3,MLP,1,5.0,5.0,0.8564917,2.3681052,8,3.3999999999999986,5.0
3,MLP,1,5.0,5.0,0.8564917,2.3681052,9,3.1999999999999984,5.0
3,MLP,1,5.0,5.0,0.8564917,2.3681052,10,2.9999999999999982,5.0
3,MLP,1,5.0,5.0,0.8564917,2.3681052,11,2.799999999999998,5.0
3,MLP,1,5.0,5.0,0.8564917,2.3681052,12,2.599999999999998,5.0
3,MLP,1,5.0,5.0,0.8564917,2.3681052,13,2.3999999999999977,5.0
3,MLP,1,5.0,5.0,0.8564917,2.3681052,14,2.1999999999999975,5.0
3,MLP,1,5.0,5.0,0.8564917,2.3681052,15,1.9999999999999976,5.0
3,MLP,1,5.0,5.0,0.8564917,2.3681052,16,1.7999999999999976,5.0
3,MLP,1,5.0,5.0,0.8564917,2.3681052,17,1.5999999999999976,5.0
3,MLP,1,5.0,5.0,0.8564917,2.3681052,18,1.7999999999999976,5.0
3,MLP,1,5.0,5.0,0.8564917,2.3681052,19,1.5999999999999976,5.0
3,MLP,1,5.0,5.0,0.8564917,2.3681052,20,1.7999999999999976,5.0
3,MLP,1,5.0,5.0,0.8564917,2.3681052,21,1.5999999999999976,5.0
3,MLP,1,5.0,5.0,0.8564917,2.3681052,22,1.7999999999999976,5.0
3,MLP,1,5.0,5.0,0.8564917,2.3681052,23,1.5999999999999976,5.0
3,MLP,1,5.0,5.0,0.8564917,2.3681052,24,1.3999999999999977,5.0
3,MLP,1,5.0,5.0,0.8564917,2.3681052,25,1.3999999999999977,4.8
3,MLP,1,5.0,5.0,0.8564917,2.3681052,26,1.3999999999999977,4.6
3,MLP,1,5.0,5.0,0.8564917,2.3681052,27,1.3999999999999977,4.3999999999999995
3,MLP,1,5.0,5.0,0.8564917,2.3681052,28,1.3999999999999977,4.199999999999999
3,MLP,1,5.0,5.0,0.8564917,2.3681052,29,1.1999999999999977,4.199999999999999
3,MLP,1,5.0,5.0,0.8564917,2.3681052,30,0.9999999999999978,4.199999999999999
3,MLP,1,5.0,5.0,0.8564917,2.3681052,31,0.9999999999999978,3.999999999999999
3,MLP,1,5.0,5.0,0.8564917,2.3681052,32,0.9999999999999978,3.799999999999999
3,MLP,1,5.0,5.0,0.8564917,2.3681052,33,0.9999999999999978,3.5999999999999988
3,MLP,1,5.0,5.0,0.8564917,2.3681052,34,0.9999999999999978,3.3999999999999986
3,MLP,1,5.0,5.0,0.8564917,2.3681052,35,0.9999999999999978,3.1999999999999984
3,MLP,1,5.0,5.0,0.8564917,2.3681052,36,0.9999999999999978,2.9999999999999982
3,MLP,1,5.0,5.0,0.8564917,2.3681052,37,0.9999999999999978,2.799999999999998
3,SNN,1,5.0,5.0,0.8564917,2.3681052,0,5.0,5.0
3,SNN,1,5.0,5.0,0.8564917,2.3681052,1,4.8,5.0
3,SNN,1,5.0,5.0,0.8564917,2.3681052,2,4.6,5.0
3,SNN,1,5.0,5.0,0.8564917,2.3681052,3,4.3999999999999995,5.0
3,SNN,1,5.0,5.0,0.8564917,2.3681052,4,4.199999999999999,5.0
3,SNN,1,5.0,5.0,0.8564917,2.3681052,5,3.999999999999999,5.0
3,SNN,1,5.0,5.0,0.8564917,2.3681052,6,3.999999999999999,4.8
3,SNN,1,5.0,5.0,0.8564917,2.3681052,7,3.799999999999999,4.8
3,SNN,1,5.0,5.0,0.8564917,2.3681052,8,3.5999999999999988,4.8
3,SNN,1,5.0,5.0,0.8564917,2.3681052,9,3.3999999999999986,4.8
3,SNN,1,5.0,5.0,0.8564917,2.3681052,10,3.1999999999999984,4.8
3,SNN,1,5.0,5.0,0.8564917,2.3681052,11,2.9999999999999982,4.8
3,SNN,1,5.0,5.0,0.8564917,2.3681052,12,2.799999999999998,4.8
3,SNN,1,5.0,5.0,0.8564917,2.3681052,13,2.599999999999998,4.8
3,SNN,1,5.0,5.0,0.8564917,2.3681052,14,2.3999999999999977,4.8
3,SNN,1,5.0,5.0,0.8564917,2.3681052,15,2.1999999999999975,4.8
3,SNN,1,5.0,5.0,0.8564917,2.3681052,16,1.9999999999999976,4.8
3,SNN,1,5.0,5.0,0.8564917,2.3681052,17,1.7999999999999976,4.8
3,SNN,1,5.0,5.0,0.8564917,2.3681052,18,1.5999999999999976,4.8
3,SNN,1,5.0,5.0,0.8564917,2.3681052,19,1.3999999999999977,4.8
3,SNN,1,5.0,5.0,0.8564917,2.3681052,20,1.1999999999999977,4.8
3,SNN,1,5.0,5.0,0.8564917,2.3681052,21,0.9999999999999978,4.8
3,SNN,1,5.0,5.0,0.8564917,2.3681052,22,0.9999999999999978,4.6
3,SNN,1,5.0,5.0,0.8564917,2.3681052,23,0.9999999999999978,4.3999999999999995
3,SNN,1,5.0,5.0,0.8564917,2.3681052,24,0.9999999999999978,4.199999999999999
3,SNN,1,5.0,5.0,0.8564917,2.3681052,25,0.9999999999999978,3.999999999999999
3,SNN,1,5.0,5.0,0.8564917,2.3681052,26,0.9999999999999978,3.799999999999999
3,SNN,1,5.0,5.0,0.8564917,2.3681052,27,0.9999999999999978,3.5999999999999988
3,SNN,1,5.0,5.0,0.8564917,2.3681052,28,0.9999999999999978,3.3999999999999986
3,SNN,1,5.0,5.0,0.8564917,2.3681052,29,0.9999999999999978,3.1999999999999984
3,SNN,1,5.0,5.0,0.8564917,2.3681052,30,0.9999999999999978,2.9999999999999982
3,SNN,1,5.0,5.0,0.8564917,2.3681052,31,0.9999999999999978,2.799999999999998
4,MLP,1,5.0,5.0,9.430561,5.1132755,0,5.0,5.0
4,MLP,1,5.0,5.0,9.430561,5.1132755,1,5.2,5.0
4,MLP,1,5.0,5.0,9.430561,5.1132755,2,5.4,5.0
4,MLP,1,5.0,5.0,9.430561,5.1132755,3,5.6000000000000005,5.0
4,MLP,1,5.0,5.0,9.430561,5.1132755,4,5.6000000000000005,4.8
4,MLP,1,5.0,5.0,9.430561,5.1132755,5,5.800000000000001,4.8
4,MLP,1,5.0,5.0,9.430561,5.1132755,6,6.000000000000001,4.8
4,MLP,1,5.0,5.0,9.430561,5.1132755,7,6.200000000000001,4.8
4,MLP,1,5.0,5.0,9.430561,5.1132755,8,6.400000000000001,4.8
4,MLP,1,5.0,5.0,9.430561,5.1132755,9,6.600000000000001,4.8
4,MLP,1,5.0,5.0,9.430561,5.1132755,10,6.800000000000002,4.8
4,MLP,1,5.0,5.0,9.430561,5.1132755,11,7.000000000000002,4.8
4,MLP,1,5.0,5.0,9.430561,5.1132755,12,7.200000000000002,4.8
4,MLP,1,5.0,5.0,9.430561,5.1132755,13,7.400000000000002,4.8
4,MLP,1,5.0,5.0,9.430561,5.1132755,14,7.600000000000002,4.8
4,MLP,1,5.0,5.0,9.430561,5.1132755,15,7.8000000000000025,4.8
4,MLP,1,5.0,5.0,9.430561,5.1132755,16,8.000000000000002,4.8
4,MLP,1,5.0,5.0,9.430561,5.1132755,17,8.200000000000001,4.8
4,MLP,1,5.0,5.0,9.430561,5.1132755,18,8.4,4.8
4,MLP,1,5.0,5.0,9.430561,5.1132755,19,8.6,4.8
4,MLP,1,5.0,5.0,9.430561,5.1132755,20,8.799999999999999,4.8
4,MLP,1,5.0,5.0,9.430561,5.1132755,21,8.999999999999998,4.8
4,MLP,1,5.0,5.0,9.430561,5.1132755,22,9.199999999999998,4.8
4,SNN,1,5.0,5.0,9.430561,5.1132755,0,5.0,5.0
4,SNN,1,5.0,5.0,9.430561,5.1132755,1,5.2,5.0
4,SNN,1,5.0,5.0,9.430561,5.1132755,2,5.4,5.0
4,SNN,1,5.0,5.0,9.430561,5.1132755,3,5.6000000000000005,5.0
4,SNN,1,5.0,5.0,9.430561,5.1132755,4,5.6000000000000005,4.8
4,SNN,1,5.0,5.0,9.430561,5.1132755,5,5.800000000000001,4.8
4,SNN,1,5.0,5.0,9.430561,5.1132755,6,6.000000000000001,4.8
4,SNN,1,5.0,5.0,9.430561,5.1132755,7,6.200000000000001,4.8
4,SNN,1,5.0,5.0,9.430561,5.1132755,8,6.400000000000001,4.8
4,SNN,1,5.0,5.0,9.430561,5.1132755,9,6.600000000000001,4.8
4,SNN,1,5.0,5.0,9.430561,5.1132755,10,6.800000000000002,4.8
4,SNN,1,5.0,5.0,9.430561,5.1132755,11,7.000000000000002,4.8
4,SNN,1,5.0,5.0,9.430561,5.1132755,12,7.200000000000002,4.8
4,SNN,1,5.0,5.0,9.430561,5.1132755,13,7.400000000000002,4.8
4,SNN,1,5.0,5.0,9.430561,5.1132755,14,7.600000000000002,4.8
4,SNN,1,5.0,5.0,9.430561,5.1132755,15,7.8000000000000025,4.8
4,SNN,1,5.0,5.0,9.430561,5.1132755,16,8.000000000000002,4.8
4,SNN,1,5.0,5.0,9.430561,5.1132755,17,8.000000000000002,5.0
4,SNN,1,5.0,5.0,9.430561,5.1132755,18,8.200000000000001,5.0
4,SNN,1,5.0,5.0,9.430561,5.1132755,19,8.200000000000001,5.2
4,SNN,1,5.0,5.0,9.430561,5.1132755,20,8.4,5.2
4,SNN,1,5.0,5.0,9.430561,5.1132755,21,8.6,5.2
4,SNN,1,5.0,5.0,9.430561,5.1132755,22,8.799999999999999,5.2
4,SNN,1,5.0,5.0,9.430561,5.1132755,23,8.999999999999998,5.2
5,MLP,1,5.0,5.0,8.050029,8.079408,0,5.0,5.0
5,MLP,1,5.0,5.0,8.050029,8.079408,1,5.2,5.0
5,MLP,1,5.0,5.0,8.050029,8.079408,2,5.4,5.0
5,MLP,1,5.0,5.0,8.050029,8.079408,3,5.6000000000000005,5.0
5,MLP,1,5.0,5.0,8.050029,8.079408,4,5.6000000000000005,5.2
5,MLP,1,5.0,5.0,8.050029,8.079408,5,5.6000000000000005,5.4
5,MLP,1,5.0,5.0,8.050029,8.079408,6,5.6000000000000005,5.6000000000000005
5,MLP,1,5.0,5.0,8.050029,8.079408,7,5.6000000000000005,5.800000000000001
5,MLP,1,5.0,5.0,8.050029,8.079408,8,5.6000000000000005,6.000000000000001
5,MLP,1,5.0,5.0,8.050029,8.079408,9,5.6000000000000005,6.200000000000001
5,MLP,1,5.0,5.0,8.050029,8.079408,10,5.6000000000000005,6.400000000000001
5,MLP,1,5.0,5.0,8.050029,8.079408,11,5.6000000000000005,6.600000000000001
5,MLP,1,5.0,5.0,8.050029,8.079408,12,5.6000000000000005,6.800000000000002
5,MLP,1,5.0,5.0,8.050029,8.079408,13,5.6000000000000005,7.000000000000002
5,MLP,1,5.0,5.0,8.050029,8.079408,14,5.6000000000000005,7.200000000000002
5,MLP,1,5.0,5.0,8.050029,8.079408,15,5.6000000000000005,7.400000000000002
5,MLP,1,5.0,5.0,8.050029,8.079408,16,5.6000000000000005,7.600000000000002
5,MLP,1,5.0,5.0,8.050029,8.079408,17,5.6000000000000005,7.8000000000000025
5,MLP,1,5.0,5.0,8.050029,8.079408,18,5.6000000000000005,7.600000000000002
5,MLP,1,5.0,5.0,8.050029,8.079408,19,5.6000000000000005,7.8000000000000025
5,MLP,1,5.0,5.0,8.050029,8.079408,20,5.6000000000000005,8.000000000000002
5,MLP,1,5.0,5.0,8.050029,8.079408,21,5.6000000000000005,8.200000000000001
5,MLP,1,5.0,5.0,8.050029,8.079408,22,5.6000000000000005,8.000000000000002
5,MLP,1,5.0,5.0,8.050029,8.079408,23,5.6000000000000005,7.800000000000002
5,MLP,1,5.0,5.0,8.050029,8.079408,24,5.6000000000000005,8.000000000000002
5,MLP,1,5.0,5.0,8.050029,8.079408,25,5.6000000000000005,8.200000000000001
5,MLP,1,5.0,5.0,8.050029,8.079408,26,5.800000000000001,8.200000000000001
5,MLP,1,5.0,5.0,8.050029,8.079408,27,5.800000000000001,8.000000000000002
5,MLP,1,5.0,5.0,8.050029,8.079408,28,5.800000000000001,7.800000000000002
5,MLP,1,5.0,5.0,8.050029,8.079408,29,5.800000000000001,8.000000000000002
5,MLP,1,5.0,5.0,8.050029,8.079408,30,5.800000000000001,7.800000000000002
5,MLP,1,5.0,5.0,8.050029,8.079408,31,5.800000000000001,8.000000000000002
5,MLP,1,5.0,5.0,8.050029,8.079408,32,5.800000000000001,7.800000000000002
5,MLP,1,5.0,5.0,8.050029,8.079408,33,5.800000000000001,8.000000000000002
5,MLP,1,5.0,5.0,8.050029,8.079408,34,5.800000000000001,7.800000000000002
5,MLP,1,5.0,5.0,8.050029,8.079408,35,5.800000000000001,8.000000000000002
5,MLP,1,5.0,5.0,8.050029,8.079408,36,5.800000000000001,8.200000000000001
5,MLP,1,5.0,5.0,8.050029,8.079408,37,5.800000000000001,8.000000000000002
5,MLP,1,5.0,5.0,8.050029,8.079408,38,5.800000000000001,8.200000000000001
5,MLP,1,5.0,5.0,8.050029,8.079408,39,5.800000000000001,8.000000000000002
5,MLP,1,5.0,5.0,8.050029,8.079408,40,5.800000000000001,7.800000000000002
5,MLP,1,5.0,5.0,8.050029,8.079408,41,5.800000000000001,7.600000000000001
5,MLP,1,5.0,5.0,8.050029,8.079408,42,5.800000000000001,7.800000000000002
5,MLP,1,5.0,5.0,8.050029,8.079408,43,5.800000000000001,7.600000000000001
5,MLP,1,5.0,5.0,8.050029,8.079408,44,5.800000000000001,7.800000000000002
5,MLP,1,5.0,5.0,8.050029,8.079408,45,5.800000000000001,8.000000000000002
5,MLP,1,5.0,5.0,8.050029,8.079408,46,5.800000000000001,8.200000000000001
5,MLP,1,5.0,5.0,8.050029,8.079408,47,5.800000000000001,8.000000000000002
5,MLP,1,5.0,5.0,8.050029,8.079408,48,5.800000000000001,7.800000000000002
5,MLP,1,5.0,5.0,8.050029,8.079408,49,5.800000000000001,7.600000000000001
5,MLP,1,5.0,5.0,8.050029,8.079408,50,5.800000000000001,7.800000000000002
5,MLP,1,5.0,5.0,8.050029,8.079408,51,5.800000000000001,8.000000000000002
5,MLP,1,5.0,5.0,8.050029,8.079408,52,5.800000000000001,7.800000000000002
5,MLP,1,5.0,5.0,8.050029,8.079408,53,5.800000000000001,7.600000000000001
5,MLP,1,5.0,5.0,8.050029,8.079408,54,5.800000000000001,7.800000000000002
5,MLP,1,5.0,5.0,8.050029,8.079408,55,5.800000000000001,8.000000000000002
5,MLP,1,5.0,5.0,8.050029,8.079408,56,5.800000000000001,8.200000000000001
5,MLP,1,5.0,5.0,8.050029,8.079408,57,5.800000000000001,8.000000000000002
5,MLP,1,5.0,5.0,8.050029,8.079408,58,5.800000000000001,7.800000000000002
5,MLP,1,5.0,5.0,8.050029,8.079408,59,5.800000000000001,8.000000000000002
5,MLP,1,5.0,5.0,8.050029,8.079408,60,5.800000000000001,7.800000000000002
5,MLP,1,5.0,5.0,8.050029,8.079408,61,5.800000000000001,7.600000000000001
5,MLP,1,5.0,5.0,8.050029,8.079408,62,5.800000000000001,7.800000000000002
5,MLP,1,5.0,5.0,8.050029,8.079408,63,5.800000000000001,8.000000000000002
5,MLP,1,5.0,5.0,8.050029,8.079408,64,5.800000000000001,7.800000000000002
5,MLP,1,5.0,5.0,8.050029,8.079408,65,5.800000000000001,8.000000000000002
5,MLP,1,5.0,5.0,8.050029,8.079408,66,5.800000000000001,8.200000000000001
5,MLP,1,5.0,5.0,8.050029,8.079408,67,5.800000000000001,8.4
5,MLP,1,5.0,5.0,8.050029,8.079408,68,5.800000000000001,8.200000000000001
5,MLP,1,5.0,5.0,8.050029,8.079408,69,5.800000000000001,8.000000000000002
5,MLP,1,5.0,5.0,8.050029,8.079408,70,5.800000000000001,8.200000000000001
5,MLP,1,5.0,5.0,8.050029,8.079408,71,5.800000000000001,8.000000000000002
5,MLP,1,5.0,5.0,8.050029,8.079408,72,5.800000000000001,7.800000000000002
5,MLP,1,5.0,5.0,8.050029,8.079408,73,5.800000000000001,8.000000000000002
5,MLP,1,5.0,5.0,8.050029,8.079408,74,5.800000000000001,7.800000000000002
5,MLP,1,5.0,5.0,8.050029,8.079408,75,5.800000000000001,8.000000000000002
5,MLP,1,5.0,5.0,8.050029,8.079408,76,5.800000000000001,8.200000000000001
5,MLP,1,5.0,5.0,8.050029,8.079408,77,5.800000000000001,8.4
5,MLP,1,5.0,5.0,8.050029,8.079408,78,5.800000000000001,8.200000000000001
5,MLP,1,5.0,5.0,8.050029,8.079408,79,5.800000000000001,8.000000000000002
5,MLP,1,5.0,5.0,8.050029,8.079408,80,5.800000000000001,7.800000000000002
5,MLP,1,5.0,5.0,8.050029,8.079408,81,6.000000000000001,7.800000000000002
5,MLP,1,5.0,5.0,8.050029,8.079408,82,6.200000000000001,7.800000000000002
5,MLP,1,5.0,5.0,8.050029,8.079408,83,6.400000000000001,7.800000000000002
5,MLP,1,5.0,5.0,8.050029,8.079408,84,6.600000000000001,7.800000000000002
5,MLP,1,5.0,5.0,8.050029,8.079408,85,6.800000000000002,7.800000000000002
5,MLP,1,5.0,5.0,8.050029,8.079408,86,7.000000000000002,7.800000000000002
5,MLP,1,5.0,5.0,8.050029,8.079408,87,7.200000000000002,7.800000000000002
5,MLP,1,5.0,5.0,8.050029,8.079408,88,7.400000000000002,7.800000000000002
5,MLP,1,5.0,5.0,8.050029,8.079408,89,7.600000000000002,7.800000000000002
5,MLP,1,5.0,5.0,8.050029,8.079408,90,7.8000000000000025,7.800000000000002
5,SNN,0,5.0,5.0,8.050029,8.079408,0,5.0,5.0
5,SNN,0,5.0,5.0,8.050029,8.079408,1,5.2,5.0
5,SNN,0,5.0,5.0,8.050029,8.079408,2,5.4,5.0
5,SNN,0,5.0,5.0,8.050029,8.079408,3,5.6000000000000005,5.0
5,SNN,0,5.0,5.0,8.050029,8.079408,4,5.6000000000000005,5.2
5,SNN,0,5.0,5.0,8.050029,8.079408,5,5.6000000000000005,5.4
5,SNN,0,5.0,5.0,8.050029,8.079408,6,5.6000000000000005,5.6000000000000005
5,SNN,0,5.0,5.0,8.050029,8.079408,7,5.6000000000000005,5.800000000000001
5,SNN,0,5.0,5.0,8.050029,8.079408,8,5.6000000000000005,6.000000000000001
5,SNN,0,5.0,5.0,8.050029,8.079408,9,5.6000000000000005,6.200000000000001
5,SNN,0,5.0,5.0,8.050029,8.079408,10,5.6000000000000005,6.400000000000001
5,SNN,0,5.0,5.0,8.050029,8.079408,11,5.6000000000000005,6.600000000000001
5,SNN,0,5.0,5.0,8.050029,8.079408,12,5.6000000000000005,6.800000000000002
5,SNN,0,5.0,5.0,8.050029,8.079408,13,5.6000000000000005,7.000000000000002
5,SNN,0,5.0,5.0,8.050029,8.079408,14,5.6000000000000005,7.200000000000002
5,SNN,0,5.0,5.0,8.050029,8.079408,15,5.6000000000000005,7.400000000000002
5,SNN,0,5.0,5.0,8.050029,8.079408,16,5.6000000000000005,7.600000000000002
5,SNN,0,5.0,5.0,8.050029,8.079408,17,5.6000000000000005,7.8000000000000025
5,SNN,0,5.0,5.0,8.050029,8.079408,18,5.6000000000000005,8.000000000000002
5,SNN,0,5.0,5.0,8.050029,8.079408,19,5.6000000000000005,8.200000000000001
5,SNN,0,5.0,5.0,8.050029,8.079408,20,5.6000000000000005,8.4
5,SNN,0,5.0,5.0,8.050029,8.079408,21,5.6000000000000005,8.6
5,SNN,0,5.0,5.0,8.050029,8.079408,22,5.800000000000001,8.6
5,SNN,0,5.0,5.0,8.050029,8.079408,23,6.000000000000001,8.6
5,SNN,0,5.0,5.0,8.050029,8.079408,24,6.200000000000001,8.6
5,SNN,0,5.0,5.0,8.050029,8.079408,25,6.400000000000001,8.6
5,SNN,0,5.0,5.0,8.050029,8.079408,26,6.600000000000001,8.6
5,SNN,0,5.0,5.0,8.050029,8.079408,27,6.800000000000002,8.6
5,SNN,0,5.0,5.0,8.050029,8.079408,28,7.000000000000002,8.6
5,SNN,0,5.0,5.0,8.050029,8.079408,29,7.200000000000002,8.6
5,SNN,0,5.0,5.0,8.050029,8.079408,30,7.400000000000002,8.6
5,SNN,0,5.0,5.0,8.050029,8.079408,31,7.600000000000002,8.6
5,SNN,0,5.0,5.0,8.050029,8.079408,32,7.8000000000000025,8.6
5,SNN,0,5.0,5.0,8.050029,8.079408,33,8.000000000000002,8.6
5,SNN,0,5.0,5.0,8.050029,8.079408,34,8.200000000000001,8.6
5,SNN,0,5.0,5.0,8.050029,8.079408,35,8.4,8.6
5,SNN,0,5.0,5.0,8.050029,8.079408,36,8.6,8.6
5,SNN,0,5.0,5.0,8.050029,8.079408,37,8.799999999999999,8.6
5,SNN,0,5.0,5.0,8.050029,8.079408,38,8.999999999999998,8.6
5,SNN,0,5.0,5.0,8.050029,8.079408,39,9.199999999999998,8.6
5,SNN,0,5.0,5.0,8.050029,8.079408,40,8.999999999999998,8.6
5,SNN,0,5.0,5.0,8.050029,8.079408,41,8.799999999999999,8.6
5,SNN,0,5.0,5.0,8.050029,8.079408,42,8.999999999999998,8.6
5,SNN,0,5.0,5.0,8.050029,8.079408,43,8.799999999999999,8.6
5,SNN,0,5.0,5.0,8.050029,8.079408,44,8.6,8.6
5,SNN,0,5.0,5.0,8.050029,8.079408,45,8.799999999999999,8.6
5,SNN,0,5.0,5.0,8.050029,8.079408,46,8.999999999999998,8.6
5,SNN,0,5.0,5.0,8.050029,8.079408,47,8.799999999999999,8.6
5,SNN,0,5.0,5.0,8.050029,8.079408,48,8.999999999999998,8.6
5,SNN,0,5.0,5.0,8.050029,8.079408,49,9.199999999999998,8.6
5,SNN,0,5.0,5.0,8.050029,8.079408,50,8.999999999999998,8.6
5,SNN,0,5.0,5.0,8.050029,8.079408,51,8.799999999999999,8.6
5,SNN,0,5.0,5.0,8.050029,8.079408,52,8.999999999999998,8.6
5,SNN,0,5.0,5.0,8.050029,8.079408,53,8.799999999999999,8.6
5,SNN,0,5.0,5.0,8.050029,8.079408,54,8.999999999999998,8.6
5,SNN,0,5.0,5.0,8.050029,8.079408,55,8.799999999999999,8.6
5,SNN,0,5.0,5.0,8.050029,8.079408,56,8.999999999999998,8.6
5,SNN,0,5.0,5.0,8.050029,8.079408,57,8.799999999999999,8.6
5,SNN,0,5.0,5.0,8.050029,8.079408,58,8.999999999999998,8.6
5,SNN,0,5.0,5.0,8.050029,8.079408,59,8.799999999999999,8.6
5,SNN,0,5.0,5.0,8.050029,8.079408,60,8.999999999999998,8.6
5,SNN,0,5.0,5.0,8.050029,8.079408,61,8.799999999999999,8.6
5,SNN,0,5.0,5.0,8.050029,8.079408,62,8.999999999999998,8.6
5,SNN,0,5.0,5.0,8.050029,8.079408,63,8.799999999999999,8.6
5,SNN,0,5.0,5.0,8.050029,8.079408,64,8.999999999999998,8.6
5,SNN,0,5.0,5.0,8.050029,8.079408,65,9.199999999999998,8.6
5,SNN,0,5.0,5.0,8.050029,8.079408,66,9.199999999999998,8.799999999999999
5,SNN,0,5.0,5.0,8.050029,8.079408,67,9.199999999999998,8.6
5,SNN,0,5.0,5.0,8.050029,8.079408,68,8.999999999999998,8.6
5,SNN,0,5.0,5.0,8.050029,8.079408,69,9.199999999999998,8.6
5,SNN,0,5.0,5.0,8.050029,8.079408,70,8.999999999999998,8.6
5,SNN,0,5.0,5.0,8.050029,8.079408,71,9.199999999999998,8.6
5,SNN,0,5.0,5.0,8.050029,8.079408,72,9.199999999999998,8.4
5,SNN,0,5.0,5.0,8.050029,8.079408,73,8.999999999999998,8.4
5,SNN,0,5.0,5.0,8.050029,8.079408,74,9.199999999999998,8.4
5,SNN,0,5.0,5.0,8.050029,8.079408,75,8.999999999999998,8.4
5,SNN,0,5.0,5.0,8.050029,8.079408,76,9.199999999999998,8.4
5,SNN,0,5.0,5.0,8.050029,8.079408,77,8.999999999999998,8.4
5,SNN,0,5.0,5.0,8.050029,8.079408,78,8.799999999999999,8.4
5,SNN,0,5.0,5.0,8.050029,8.079408,79,8.999999999999998,8.4
5,SNN,0,5.0,5.0,8.050029,8.079408,80,8.799999999999999,8.4
5,SNN,0,5.0,5.0,8.050029,8.079408,81,8.999999999999998,8.4
5,SNN,0,5.0,5.0,8.050029,8.079408,82,9.199999999999998,8.4
5,SNN,0,5.0,5.0,8.050029,8.079408,83,8.999999999999998,8.4
5,SNN,0,5.0,5.0,8.050029,8.079408,84,9.199999999999998,8.4
5,SNN,0,5.0,5.0,8.050029,8.079408,85,8.999999999999998,8.4
5,SNN,0,5.0,5.0,8.050029,8.079408,86,9.199999999999998,8.4
5,SNN,0,5.0,5.0,8.050029,8.079408,87,8.999999999999998,8.4
5,SNN,0,5.0,5.0,8.050029,8.079408,88,9.199999999999998,8.4
5,SNN,0,5.0,5.0,8.050029,8.079408,89,8.999999999999998,8.4
5,SNN,0,5.0,5.0,8.050029,8.079408,90,8.799999999999999,8.4
5,SNN,0,5.0,5.0,8.050029,8.079408,91,8.999999999999998,8.4
5,SNN,0,5.0,5.0,8.050029,8.079408,92,8.799999999999999,8.4
5,SNN,0,5.0,5.0,8.050029,8.079408,93,8.999999999999998,8.4
5,SNN,0,5.0,5.0,8.050029,8.079408,94,8.799999999999999,8.4
5,SNN,0,5.0,5.0,8.050029,8.079408,95,8.999999999999998,8.4
5,SNN,0,5.0,5.0,8.050029,8.079408,96,9.199999999999998,8.4
5,SNN,0,5.0,5.0,8.050029,8.079408,97,8.999999999999998,8.4
5,SNN,0,5.0,5.0,8.050029,8.079408,98,9.199999999999998,8.4
5,SNN,0,5.0,5.0,8.050029,8.079408,99,8.999999999999998,8.4
5,SNN,0,5.0,5.0,8.050029,8.079408,100,8.799999999999999,8.4
5,SNN,0,5.0,5.0,8.050029,8.079408,101,8.999999999999998,8.4
5,SNN,0,5.0,5.0,8.050029,8.079408,102,8.799999999999999,8.4
5,SNN,0,5.0,5.0,8.050029,8.079408,103,8.999999999999998,8.4
5,SNN,0,5.0,5.0,8.050029,8.079408,104,9.199999999999998,8.4
5,SNN,0,5.0,5.0,8.050029,8.079408,105,8.999999999999998,8.4
5,SNN,0,5.0,5.0,8.050029,8.079408,106,8.799999999999999,8.4
5,SNN,0,5.0,5.0,8.050029,8.079408,107,8.799999999999999,8.6
5,SNN,0,5.0,5.0,8.050029,8.079408,108,8.999999999999998,8.6
5,SNN,0,5.0,5.0,8.050029,8.079408,109,8.799999999999999,8.6
5,SNN,0,5.0,5.0,8.050029,8.079408,110,8.999999999999998,8.6
5,SNN,0,5.0,5.0,8.050029,8.079408,111,8.799999999999999,8.6
5,SNN,0,5.0,5.0,8.050029,8.079408,112,8.999999999999998,8.6
5,SNN,0,5.0,5.0,8.050029,8.079408,113,8.799999999999999,8.6
5,SNN,0,5.0,5.0,8.050029,8.079408,114,8.999999999999998,8.6
5,SNN,0,5.0,5.0,8.050029,8.079408,115,8.799999999999999,8.6
5,SNN,0,5.0,5.0,8.050029,8.079408,116,8.999999999999998,8.6
5,SNN,0,5.0,5.0,8.050029,8.079408,117,8.799999999999999,8.6
5,SNN,0,5.0,5.0,8.050029,8.079408,118,8.999999999999998,8.6
5,SNN,0,5.0,5.0,8.050029,8.079408,119,9.199999999999998,8.6
5,SNN,0,5.0,5.0,8.050029,8.079408,120,8.999999999999998,8.6
5,SNN,0,5.0,5.0,8.050029,8.079408,121,8.799999999999999,8.6
5,SNN,0,5.0,5.0,8.050029,8.079408,122,8.999999999999998,8.6
5,SNN,0,5.0,5.0,8.050029,8.079408,123,9.199999999999998,8.6
5,SNN,0,5.0,5.0,8.050029,8.079408,124,8.999999999999998,8.6
5,SNN,0,5.0,5.0,8.050029,8.079408,125,8.799999999999999,8.6
5,SNN,0,5.0,5.0,8.050029,8.079408,126,8.999999999999998,8.6
5,SNN,0,5.0,5.0,8.050029,8.079408,127,8.799999999999999,8.6
5,SNN,0,5.0,5.0,8.050029,8.079408,128,8.999999999999998,8.6
5,SNN,0,5.0,5.0,8.050029,8.079408,129,8.799999999999999,8.6
5,SNN,0,5.0,5.0,8.050029,8.079408,130,8.999999999999998,8.6
5,SNN,0,5.0,5.0,8.050029,8.079408,131,8.799999999999999,8.6
5,SNN,0,5.0,5.0,8.050029,8.079408,132,8.999999999999998,8.6
5,SNN,0,5.0,5.0,8.050029,8.079408,133,8.799999999999999,8.6
5,SNN,0,5.0,5.0,8.050029,8.079408,134,8.999999999999998,8.6
5,SNN,0,5.0,5.0,8.050029,8.079408,135,8.799999999999999,8.6
5,SNN,0,5.0,5.0,8.050029,8.079408,136,8.999999999999998,8.6
5,SNN,0,5.0,5.0,8.050029,8.079408,137,8.799999999999999,8.6
5,SNN,0,5.0,5.0,8.050029,8.079408,138,8.999999999999998,8.6
5,SNN,0,5.0,5.0,8.050029,8.079408,139,8.799999999999999,8.6
5,SNN,0,5.0,5.0,8.050029,8.079408,140,8.999999999999998,8.6
5,SNN,0,5.0,5.0,8.050029,8.079408,141,8.799999999999999,8.6
5,SNN,0,5.0,5.0,8.050029,8.079408,142,8.999999999999998,8.6
5,SNN,0,5.0,5.0,8.050029,8.079408,143,8.799999999999999,8.6
5,SNN,0,5.0,5.0,8.050029,8.079408,144,8.999999999999998,8.6
5,SNN,0,5.0,5.0,8.050029,8.079408,145,8.799999999999999,8.6
5,SNN,0,5.0,5.0,8.050029,8.079408,146,8.999999999999998,8.6
5,SNN,0,5.0,5.0,8.050029,8.079408,147,8.799999999999999,8.6
5,SNN,0,5.0,5.0,8.050029,8.079408,148,8.999999999999998,8.6
5,SNN,0,5.0,5.0,8.050029,8.079408,149,8.799999999999999,8.6
5,SNN,0,5.0,5.0,8.050029,8.079408,150,8.999999999999998,8.6
5,SNN,0,5.0,5.0,8.050029,8.079408,151,9.199999999999998,8.6
5,SNN,0,5.0,5.0,8.050029,8.079408,152,8.999999999999998,8.6
5,SNN,0,5.0,5.0,8.050029,8.079408,153,8.799999999999999,8.6
5,SNN,0,5.0,5.0,8.050029,8.079408,154,8.999999999999998,8.6
5,SNN,0,5.0,5.0,8.050029,8.079408,155,8.799999999999999,8.6
5,SNN,0,5.0,5.0,8.050029,8.079408,156,8.999999999999998,8.6
5,SNN,0,5.0,5.0,8.050029,8.079408,157,9.199999999999998,8.6
5,SNN,0,5.0,5.0,8.050029,8.079408,158,8.999999999999998,8.6
5,SNN,0,5.0,5.0,8.050029,8.079408,159,9.199999999999998,8.6
5,SNN,0,5.0,5.0,8.050029,8.079408,160,9.199999999999998,8.4
5,SNN,0,5.0,5.0,8.050029,8.079408,161,8.999999999999998,8.4
5,SNN,0,5.0,5.0,8.050029,8.079408,162,8.799999999999999,8.4
5,SNN,0,5.0,5.0,8.050029,8.079408,163,8.6,8.4
5,SNN,0,5.0,5.0,8.050029,8.079408,164,8.799999999999999,8.4
5,SNN,0,5.0,5.0,8.050029,8.079408,165,8.999999999999998,8.4
5,SNN,0,5.0,5.0,8.050029,8.079408,166,8.799999999999999,8.4
5,SNN,0,5.0,5.0,8.050029,8.079408,167,8.999999999999998,8.4
5,SNN,0,5.0,5.0,8.050029,8.079408,168,8.799999999999999,8.4
5,SNN,0,5.0,5.0,8.050029,8.079408,169,8.999999999999998,8.4
5,SNN,0,5.0,5.0,8.050029,8.079408,170,9.199999999999998,8.4
5,SNN,0,5.0,5.0,8.050029,8.079408,171,9.199999999999998,8.200000000000001
5,SNN,0,5.0,5.0,8.050029,8.079408,172,8.999999999999998,8.200000000000001
5,SNN,0,5.0,5.0,8.050029,8.079408,173,8.799999999999999,8.200000000000001
5,SNN,0,5.0,5.0,8.050029,8.079408,174,8.6,8.200000000000001
5,SNN,0,5.0,5.0,8.050029,8.079408,175,8.799999999999999,8.200000000000001
5,SNN,0,5.0,5.0,8.050029,8.079408,176,8.799999999999999,8.4
5,SNN,0,5.0,5.0,8.050029,8.079408,177,8.999999999999998,8.4
5,SNN,0,5.0,5.0,8.050029,8.079408,178,8.799999999999999,8.4
5,SNN,0,5.0,5.0,8.050029,8.079408,179,8.999999999999998,8.4
5,SNN,0,5.0,5.0,8.050029,8.079408,180,8.799999999999999,8.4
5,SNN,0,5.0,5.0,8.050029,8.079408,181,8.999999999999998,8.4
5,SNN,0,5.0,5.0,8.050029,8.079408,182,8.999999999999998,8.6
5,SNN,0,5.0,5.0,8.050029,8.079408,183,8.799999999999999,8.6
5,SNN,0,5.0,5.0,8.050029,8.079408,184,8.999999999999998,8.6
5,SNN,0,5.0,5.0,8.050029,8.079408,185,8.799999999999999,8.6
5,SNN,0,5.0,5.0,8.050029,8.079408,186,8.999999999999998,8.6
5,SNN,0,5.0,5.0,8.050029,8.079408,187,8.799999999999999,8.6
5,SNN,0,5.0,5.0,8.050029,8.079408,188,8.999999999999998,8.6
5,SNN,0,5.0,5.0,8.050029,8.079408,189,8.799999999999999,8.6
5,SNN,0,5.0,5.0,8.050029,8.079408,190,8.999999999999998,8.6
5,SNN,0,5.0,5.0,8.050029,8.079408,191,8.799999999999999,8.6
5,SNN,0,5.0,5.0,8.050029,8.079408,192,8.6,8.6
5,SNN,0,5.0,5.0,8.050029,8.079408,193,8.799999999999999,8.6
5,SNN,0,5.0,5.0,8.050029,8.079408,194,8.999999999999998,8.6
5,SNN,0,5.0,5.0,8.050029,8.079408,195,8.799999999999999,8.6
5,SNN,0,5.0,5.0,8.050029,8.079408,196,8.999999999999998,8.6
5,SNN,0,5.0,5.0,8.050029,8.079408,197,8.799999999999999,8.6
5,SNN,0,5.0,5.0,8.050029,8.079408,198,8.999999999999998,8.6
5,SNN,0,5.0,5.0,8.050029,8.079408,199,8.799999999999999,8.6
5,SNN,0,5.0,5.0,8.050029,8.079408,200,8.999999999999998,8.6
5,SNN,0,5.0,5.0,8.050029,8.079408,201,9.199999999999998,8.6
5,SNN,0,5.0,5.0,8.050029,8.079408,202,8.999999999999998,8.6
5,SNN,0,5.0,5.0,8.050029,8.079408,203,8.799999999999999,8.6
5,SNN,0,5.0,5.0,8.050029,8.079408,204,8.999999999999998,8.6
5,SNN,0,5.0,5.0,8.050029,8.079408,205,8.799999999999999,8.6
5,SNN,0,5.0,5.0,8.050029,8.079408,206,8.999999999999998,8.6
5,SNN,0,5.0,5.0,8.050029,8.079408,207,8.799999999999999,8.6
5,SNN,0,5.0,5.0,8.050029,8.079408,208,8.999999999999998,8.6
5,SNN,0,5.0,5.0,8.050029,8.079408,209,9.199999999999998,8.6
5,SNN,0,5.0,5.0,8.050029,8.079408,210,9.199999999999998,8.799999999999999
5,SNN,0,5.0,5.0,8.050029,8.079408,211,8.999999999999998,8.799999999999999
5,SNN,0,5.0,5.0,8.050029,8.079408,212,9.199999999999998,8.799999999999999
5,SNN,0,5.0,5.0,8.050029,8.079408,213,9.199999999999998,8.6
5,SNN,0,5.0,5.0,8.050029,8.079408,214,8.999999999999998,8.6
5,SNN,0,5.0,5.0,8.050029,8.079408,215,8.799999999999999,8.6
5,SNN,0,5.0,5.0,8.050029,8.079408,216,8.999999999999998,8.6
5,SNN,0,5.0,5.0,8.050029,8.079408,217,8.799999999999999,8.6
5,SNN,0,5.0,5.0,8.050029,8.079408,218,8.999999999999998,8.6
5,SNN,0,5.0,5.0,8.050029,8.079408,219,8.799999999999999,8.6
5,SNN,0,5.0,5.0,8.050029,8.079408,220,8.999999999999998,8.6
5,SNN,0,5.0,5.0,8.050029,8.079408,221,8.799999999999999,8.6
5,SNN,0,5.0,5.0,8.050029,8.079408,222,8.999999999999998,8.6
5,SNN,0,5.0,5.0,8.050029,8.079408,223,9.199999999999998,8.6
5,SNN,0,5.0,5.0,8.050029,8.079408,224,8.999999999999998,8.6
5,SNN,0,5.0,5.0,8.050029,8.079408,225,8.799999999999999,8.6
5,SNN,0,5.0,5.0,8.050029,8.079408,226,8.999999999999998,8.6
5,SNN,0,5.0,5.0,8.050029,8.079408,227,9.199999999999998,8.6
5,SNN,0,5.0,5.0,8.050029,8.079408,228,8.999999999999998,8.6
5,SNN,0,5.0,5.0,8.050029,8.079408,229,8.799999999999999,8.6
5,SNN,0,5.0,5.0,8.050029,8.079408,230,8.999999999999998,8.6
5,SNN,0,5.0,5.0,8.050029,8.079408,231,8.799999999999999,8.6
5,SNN,0,5.0,5.0,8.050029,8.079408,232,8.999999999999998,8.6
5,SNN,0,5.0,5.0,8.050029,8.079408,233,8.799999999999999,8.6
5,SNN,0,5.0,5.0,8.050029,8.079408,234,8.999999999999998,8.6
5,SNN,0,5.0,5.0,8.050029,8.079408,235,8.799999999999999,8.6
5,SNN,0,5.0,5.0,8.050029,8.079408,236,8.999999999999998,8.6
5,SNN,0,5.0,5.0,8.050029,8.079408,237,8.799999999999999,8.6
5,SNN,0,5.0,5.0,8.050029,8.079408,238,8.6,8.6
5,SNN,0,5.0,5.0,8.050029,8.079408,239,8.799999999999999,8.6
5,SNN,0,5.0,5.0,8.050029,8.079408,240,8.999999999999998,8.6
5,SNN,0,5.0,5.0,8.050029,8.079408,241,8.799999999999999,8.6
5,SNN,0,5.0,5.0,8.050029,8.079408,242,8.6,8.6
5,SNN,0,5.0,5.0,8.050029,8.079408,243,8.799999999999999,8.6
5,SNN,0,5.0,5.0,8.050029,8.079408,244,8.999999999999998,8.6
5,SNN,0,5.0,5.0,8.050029,8.079408,245,8.799999999999999,8.6
5,SNN,0,5.0,5.0,8.050029,8.079408,246,8.999999999999998,8.6
5,SNN,0,5.0,5.0,8.050029,8.079408,247,8.799999999999999,8.6
5,SNN,0,5.0,5.0,8.050029,8.079408,248,8.999999999999998,8.6
5,SNN,0,5.0,5.0,8.050029,8.079408,249,8.799999999999999,8.6
5,SNN,0,5.0,5.0,8.050029,8.079408,250,8.999999999999998,8.6
5,SNN,0,5.0,5.0,8.050029,8.079408,251,8.799999999999999,8.6
5,SNN,0,5.0,5.0,8.050029,8.079408,252,8.999999999999998,8.6
5,SNN,0,5.0,5.0,8.050029,8.079408,253,9.199999999999998,8.6
5,SNN,0,5.0,5.0,8.050029,8.079408,254,8.999999999999998,8.6
5,SNN,0,5.0,5.0,8.050029,8.079408,255,9.199999999999998,8.6
5,SNN,0,5.0,5.0,8.050029,8.079408,256,8.999999999999998,8.6
5,SNN,0,5.0,5.0,8.050029,8.079408,257,8.799999999999999,8.6
5,SNN,0,5.0,5.0,8.050029,8.079408,258,8.999999999999998,8.6
5,SNN,0,5.0,5.0,8.050029,8.079408,259,9.199999999999998,8.6
5,SNN,0,5.0,5.0,8.050029,8.079408,260,8.999999999999998,8.6
5,SNN,0,5.0,5.0,8.050029,8.079408,261,8.799999999999999,8.6
5,SNN,0,5.0,5.0,8.050029,8.079408,262,8.999999999999998,8.6
5,SNN,0,5.0,5.0,8.050029,8.079408,263,8.799999999999999,8.6
5,SNN,0,5.0,5.0,8.050029,8.079408,264,8.999999999999998,8.6
5,SNN,0,5.0,5.0,8.050029,8.079408,265,8.799999999999999,8.6
5,SNN,0,5.0,5.0,8.050029,8.079408,266,8.999999999999998,8.6
5,SNN,0,5.0,5.0,8.050029,8.079408,267,8.799999999999999,8.6
5,SNN,0,5.0,5.0,8.050029,8.079408,268,8.999999999999998,8.6
5,SNN,0,5.0,5.0,8.050029,8.079408,269,8.799999999999999,8.6
5,SNN,0,5.0,5.0,8.050029,8.079408,270,8.999999999999998,8.6
5,SNN,0,5.0,5.0,8.050029,8.079408,271,9.199999999999998,8.6
5,SNN,0,5.0,5.0,8.050029,8.079408,272,8.999999999999998,8.6
5,SNN,0,5.0,5.0,8.050029,8.079408,273,8.799999999999999,8.6
5,SNN,0,5.0,5.0,8.050029,8.079408,274,8.999999999999998,8.6
5,SNN,0,5.0,5.0,8.050029,8.079408,275,8.799999999999999,8.6
5,SNN,0,5.0,5.0,8.050029,8.079408,276,8.999999999999998,8.6
5,SNN,0,5.0,5.0,8.050029,8.079408,277,8.799999999999999,8.6
5,SNN,0,5.0,5.0,8.050029,8.079408,278,8.999999999999998,8.6
5,SNN,0,5.0,5.0,8.050029,8.079408,279,8.799999999999999,8.6
5,SNN,0,5.0,5.0,8.050029,8.079408,280,8.999999999999998,8.6
5,SNN,0,5.0,5.0,8.050029,8.079408,281,8.799999999999999,8.6
5,SNN,0,5.0,5.0,8.050029,8.079408,282,8.999999999999998,8.6
5,SNN,0,5.0,5.0,8.050029,8.079408,283,8.799999999999999,8.6
5,SNN,0,5.0,5.0,8.050029,8.079408,284,8.999999999999998,8.6
5,SNN,0,5.0,5.0,8.050029,8.079408,285,8.799999999999999,8.6
5,SNN,0,5.0,5.0,8.050029,8.079408,286,8.999999999999998,8.6
5,SNN,0,5.0,5.0,8.050029,8.079408,287,8.799999999999999,8.6
5,SNN,0,5.0,5.0,8.050029,8.079408,288,8.999999999999998,8.6
5,SNN,0,5.0,5.0,8.050029,8.079408,289,9.199999999999998,8.6
5,SNN,0,5.0,5.0,8.050029,8.079408,290,8.999999999999998,8.6
5,SNN,0,5.0,5.0,8.050029,8.079408,291,9.199999999999998,8.6
5,SNN,0,5.0,5.0,8.050029,8.079408,292,8.999999999999998,8.6
5,SNN,0,5.0,5.0,8.050029,8.079408,293,9.199999999999998,8.6
5,SNN,0,5.0,5.0,8.050029,8.079408,294,8.999999999999998,8.6
5,SNN,0,5.0,5.0,8.050029,8.079408,295,9.199999999999998,8.6
5,SNN,0,5.0,5.0,8.050029,8.079408,296,8.999999999999998,8.6
5,SNN,0,5.0,5.0,8.050029,8.079408,297,8.799999999999999,8.6
5,SNN,0,5.0,5.0,8.050029,8.079408,298,8.999999999999998,8.6
5,SNN,0,5.0,5.0,8.050029,8.079408,299,9.199999999999998,8.6
5,SNN,0,5.0,5.0,8.050029,8.079408,300,8.999999999999998,8.6
5,SNN,0,5.0,5.0,8.050029,8.079408,301,8.799999999999999,8.6
5,SNN,0,5.0,5.0,8.050029,8.079408,302,8.999999999999998,8.6
5,SNN,0,5.0,5.0,8.050029,8.079408,303,9.199999999999998,8.6
5,SNN,0,5.0,5.0,8.050029,8.079408,304,8.999999999999998,8.6
5,SNN,0,5.0,5.0,8.050029,8.079408,305,9.199999999999998,8.6
5,SNN,0,5.0,5.0,8.050029,8.079408,306,8.999999999999998,8.6
5,SNN,0,5.0,5.0,8.050029,8.079408,307,9.199999999999998,8.6
5,SNN,0,5.0,5.0,8.050029,8.079408,308,8.999999999999998,8.6
5,SNN,0,5.0,5.0,8.050029,8.079408,309,8.799999999999999,8.6
5,SNN,0,5.0,5.0,8.050029,8.079408,310,8.999999999999998,8.6
5,SNN,0,5.0,5.0,8.050029,8.079408,311,9.199999999999998,8.6
5,SNN,0,5.0,5.0,8.050029,8.079408,312,8.999999999999998,8.6
5,SNN,0,5.0,5.0,8.050029,8.079408,313,8.799999999999999,8.6
5,SNN,0,5.0,5.0,8.050029,8.079408,314,8.999999999999998,8.6
5,SNN,0,5.0,5.0,8.050029,8.079408,315,8.799999999999999,8.6
5,SNN,0,5.0,5.0,8.050029,8.079408,316,8.999999999999998,8.6
5,SNN,0,5.0,5.0,8.050029,8.079408,317,8.799999999999999,8.6
5,SNN,0,5.0,5.0,8.050029,8.079408,318,8.999999999999998,8.6
5,SNN,0,5.0,5.0,8.050029,8.079408,319,8.999999999999998,8.799999999999999
5,SNN,0,5.0,5.0,8.050029,8.079408,320,9.199999999999998,8.799999999999999
5,SNN,0,5.0,5.0,8.050029,8.079408,321,9.199999999999998,8.6
5,SNN,0,5.0,5.0,8.050029,8.079408,322,8.999999999999998,8.6
5,SNN,0,5.0,5.0,8.050029,8.079408,323,9.199999999999998,8.6
5,SNN,0,5.0,5.0,8.050029,8.079408,324,8.999999999999998,8.6
5,SNN,0,5.0,5.0,8.050029,8.079408,325,8.799999999999999,8.6
5,SNN,0,5.0,5.0,8.050029,8.079408,326,8.999999999999998,8.6
5,SNN,0,5.0,5.0,8.050029,8.079408,327,9.199999999999998,8.6
5,SNN,0,5.0,5.0,8.050029,8.079408,328,8.999999999999998,8.6
5,SNN,0,5.0,5.0,8.050029,8.079408,329,8.799999999999999,8.6
5,SNN,0,5.0,5.0,8.050029,8.079408,330,8.999999999999998,8.6
5,SNN,0,5.0,5.0,8.050029,8.079408,331,8.799999999999999,8.6
5,SNN,0,5.0,5.0,8.050029,8.079408,332,8.999999999999998,8.6
5,SNN,0,5.0,5.0,8.050029,8.079408,333,9.199999999999998,8.6
5,SNN,0,5.0,5.0,8.050029,8.079408,334,8.999999999999998,8.6
5,SNN,0,5.0,5.0,8.050029,8.079408,335,9.199999999999998,8.6
5,SNN,0,5.0,5.0,8.050029,8.079408,336,8.999999999999998,8.6
5,SNN,0,5.0,5.0,8.050029,8.079408,337,9.199999999999998,8.6
5,SNN,0,5.0,5.0,8.050029,8.079408,338,8.999999999999998,8.6
5,SNN,0,5.0,5.0,8.050029,8.079408,339,8.799999999999999,8.6
5,SNN,0,5.0,5.0,8.050029,8.079408,340,8.999999999999998,8.6
5,SNN,0,5.0,5.0,8.050029,8.079408,341,9.199999999999998,8.6
5,SNN,0,5.0,5.0,8.050029,8.079408,342,8.999999999999998,8.6
5,SNN,0,5.0,5.0,8.050029,8.079408,343,8.799999999999999,8.6
5,SNN,0,5.0,5.0,8.050029,8.079408,344,8.999999999999998,8.6
5,SNN,0,5.0,5.0,8.050029,8.079408,345,8.799999999999999,8.6
5,SNN,0,5.0,5.0,8.050029,8.079408,346,8.999999999999998,8.6
5,SNN,0,5.0,5.0,8.050029,8.079408,347,8.799999999999999,8.6
5,SNN,0,5.0,5.0,8.050029,8.079408,348,8.999999999999998,8.6
5,SNN,0,5.0,5.0,8.050029,8.079408,349,9.199999999999998,8.6
5,SNN,0,5.0,5.0,8.050029,8.079408,350,8.999999999999998,8.6
5,SNN,0,5.0,5.0,8.050029,8.079408,351,8.799999999999999,8.6
5,SNN,0,5.0,5.0,8.050029,8.079408,352,8.999999999999998,8.6
5,SNN,0,5.0,5.0,8.050029,8.079408,353,9.199999999999998,8.6
5,SNN,0,5.0,5.0,8.050029,8.079408,354,8.999999999999998,8.6
5,SNN,0,5.0,5.0,8.050029,8.079408,355,8.799999999999999,8.6
5,SNN,0,5.0,5.0,8.050029,8.079408,356,8.999999999999998,8.6
5,SNN,0,5.0,5.0,8.050029,8.079408,357,9.199999999999998,8.6
5,SNN,0,5.0,5.0,8.050029,8.079408,358,8.999999999999998,8.6
5,SNN,0,5.0,5.0,8.050029,8.079408,359,8.799999999999999,8.6
5,SNN,0,5.0,5.0,8.050029,8.079408,360,8.999999999999998,8.6
5,SNN,0,5.0,5.0,8.050029,8.079408,361,8.799999999999999,8.6
5,SNN,0,5.0,5.0,8.050029,8.079408,362,8.999999999999998,8.6
5,SNN,0,5.0,5.0,8.050029,8.079408,363,9.199999999999998,8.6
5,SNN,0,5.0,5.0,8.050029,8.079408,364,8.999999999999998,8.6
5,SNN,0,5.0,5.0,8.050029,8.079408,365,8.799999999999999,8.6
5,SNN,0,5.0,5.0,8.050029,8.079408,366,8.999999999999998,8.6
5,SNN,0,5.0,5.0,8.050029,8.079408,367,8.799999999999999,8.6
5,SNN,0,5.0,5.0,8.050029,8.079408,368,8.999999999999998,8.6
5,SNN,0,5.0,5.0,8.050029,8.079408,369,8.799999999999999,8.6
5,SNN,0,5.0,5.0,8.050029,8.079408,370,8.999999999999998,8.6
5,SNN,0,5.0,5.0,8.050029,8.079408,371,8.799999999999999,8.6
5,SNN,0,5.0,5.0,8.050029,8.079408,372,8.999999999999998,8.6
5,SNN,0,5.0,5.0,8.050029,8.079408,373,8.799999999999999,8.6
5,SNN,0,5.0,5.0,8.050029,8.079408,374,8.999999999999998,8.6
5,SNN,0,5.0,5.0,8.050029,8.079408,375,9.199999999999998,8.6
5,SNN,0,5.0,5.0,8.050029,8.079408,376,8.999999999999998,8.6
5,SNN,0,5.0,5.0,8.050029,8.079408,377,8.799999999999999,8.6
5,SNN,0,5.0,5.0,8.050029,8.079408,378,8.999999999999998,8.6
5,SNN,0,5.0,5.0,8.050029,8.079408,379,8.799999999999999,8.6
5,SNN,0,5.0,5.0,8.050029,8.079408,380,8.999999999999998,8.6
5,SNN,0,5.0,5.0,8.050029,8.079408,381,8.799999999999999,8.6
5,SNN,0,5.0,5.0,8.050029,8.079408,382,8.999999999999998,8.6
5,SNN,0,5.0,5.0,8.050029,8.079408,383,8.799999999999999,8.6
5,SNN,0,5.0,5.0,8.050029,8.079408,384,8.999999999999998,8.6
5,SNN,0,5.0,5.0,8.050029,8.079408,385,8.799999999999999,8.6
5,SNN,0,5.0,5.0,8.050029,8.079408,386,8.999999999999998,8.6
5,SNN,0,5.0,5.0,8.050029,8.079408,387,9.199999999999998,8.6
5,SNN,0,5.0,5.0,8.050029,8.079408,388,8.999999999999998,8.6
5,SNN,0,5.0,5.0,8.050029,8.079408,389,9.199999999999998,8.6
5,SNN,0,5.0,5.0,8.050029,8.079408,390,8.999999999999998,8.6
5,SNN,0,5.0,5.0,8.050029,8.079408,391,8.799999999999999,8.6
5,SNN,0,5.0,5.0,8.050029,8.079408,392,8.6,8.6
5,SNN,0,5.0,5.0,8.050029,8.079408,393,8.799999999999999,8.6
5,SNN,0,5.0,5.0,8.050029,8.079408,394,8.999999999999998,8.6
5,SNN,0,5.0,5.0,8.050029,8.079408,395,8.799999999999999,8.6
5,SNN,0,5.0,5.0,8.050029,8.079408,396,8.999999999999998,8.6
5,SNN,0,5.0,5.0,8.050029,8.079408,397,8.799999999999999,8.6
5,SNN,0,5.0,5.0,8.050029,8.079408,398,8.999999999999998,8.6
5,SNN,0,5.0,5.0,8.050029,8.079408,399,8.799999999999999,8.6
5,SNN,0,5.0,5.0,8.050029,8.079408,400,8.999999999999998,8.6
